{
  "norm_stats": {
    "libero": {
      "mean": [
        2.519274529801624,
        0.010073246311234263,
        0.0068613505507106945
      ],
      "std": [
        1.580493816034619,
        0.07458997683867456,
        0.06128711540033053
      ],
      "q01": [
        -0.018665690119953116,
        -0.20412059873824998,
        -0.20152495354085972
      ],
      "q99": [
        6.501759939987151,
        0.25477553044895007,
        0.19032520934623054
      ]
    }
  }
}