{
  "norm_stats": {
    "libero": {
      "mean": [
        2.043416139446332,
        0.0025578055479736402,
        0.0022534194433409464
      ],
      "std": [
        2.126601118431771,
        0.058142210289114885,
        0.034261704505090605
      ],
      "q01": [
        -0.015737286419245877,
        -0.13853771457343456,
        -0.1341007161638244
      ],
      "q99": [
        6.729303607290677,
        0.16240628856753858,
        0.1347760371865045
      ]
    }
  }
}