{
  "norm_stats": {
    "libero": {
      "mean": [
        2.3106110728998432,
        0.011866034010724858,
        0.010106634446291647
      ],
      "std": [
        1.5278543037410786,
        0.06821710234694074,
        0.057678313576881815
      ],
      "q01": [
        -0.01789146974507183,
        -0.19088272509455573,
        -0.1892357842470911
      ],
      "q99": [
        6.199554522088146,
        0.24262804072441968,
        0.1804889553518122
      ]
    }
  }
}